Workbook

Sheet Sheet1
A1: Услуга | B1: Начало оказания услуги | C1: ID | D1: Клиент
A2: Урок в группе французского языка для школьников | B2: 43785.472 | C2: =VLOOKUP(D2,Лист1!$A$2:$B$51,2,0) -> 49 | D2: Суворова
A3: Индивидуальный онлайн-урок немецкого языка по Skype | B3: 43476.757 | C3: =VLOOKUP(D3,Лист1!$A$2:$B$51,2,0) -> 37 | D3: Колобова
A4: Киноклуб итальянского языка для студентов | B4: 43800.611 | C4: =VLOOKUP(D4,Лист1!$A$2:$B$51,2,0) -> 37 | D4: Колобова
A5: Интенсивный онлайн-курс португальского языка для компаний по Skype | B5: 43507.562 | C5: =VLOOKUP(D5,Лист1!$A$2:$B$51,2,0) -> 37 | D5: Колобова
A6: Урок в группе китайского языка для взрослых | B6: 43718.764 | C6: =VLOOKUP(D6,Лист1!$A$2:$B$51,2,0) -> 20 | D6: Селиверстов
A7: Урок в группе китайского языка для студентов | B7: 43508.819 | C7: =VLOOKUP(D7,Лист1!$A$2:$B$51,2,0) -> 48 | D7: Куликова
A8: Занятие с репетитором-носителем французского языка | B8: 43559.382 | C8: =VLOOKUP(D8,Лист1!$A$2:$B$51,2,0) -> 24 | D8: Бобылёв
A9: Урок в группе испанского языка для взрослых | B9: 43600.389 | C9: =VLOOKUP(D9,Лист1!$A$2:$B$51,2,0) -> 21 | D9: Киселёв
A10: Урок в группе немецкого языка для школьников | B10: 43481.597 | C10: =VLOOKUP(D10,Лист1!$A$2:$B$51,2,0) -> 16 | D10: Комиссарова
A11: Урок в группе английского языка для взрослых | B11: 43481.375 | C11: =VLOOKUP(D11,Лист1!$A$2:$B$51,2,0) -> 30 | D11: Бобров
A12: Урок в группе немецкого языка для школьников | B12: 43539.451 | C12: =VLOOKUP(D12,Лист1!$A$2:$B$51,2,0) -> 3 | D12: Казаков
A13: Индивидуальный онлайн-урок немецкого языка по Skype | B13: 43496.5 | C13: =VLOOKUP(D13,Лист1!$A$2:$B$51,2,0) -> 26 | D13: Андреева
... A101: Урок в группе китайского языка для школьников | B101: 43560.556 | C101: =VLOOKUP(D101,Лист1!$A$2:$B$51,2,0) -> 20 | D101: Селиверстов

Sheet Лист1
A1: Фамилия | B1: ID
A2: Васильев | B2: 1
A3: Лазарев | B3: 2
A4: Казаков | B4: 3
A5: Попова | B5: 4
A6: Турова | B6: 5
A7: Андреев | B7: 6
A8: Орлова | B8: 7
A9: Костина | B9: 8
A10: Александров | B10: 9
A11: Корнилова | B11: 10
A12: Морозов | B12: 11
A13: Баранова | B13: 12
... A51: Егорова | B51: 50
